{"cameraMode":{"drawMode":0,"name":"Shaded","section":"Shading Mode"},"sceneLighting":true,"audioPlay":false,"sceneViewState":{"m_AlwaysRefresh":false,"showFog":true,"showSkybox":true,"showFlares":true,"showImageEffects":true,"showParticleSystems":true,"showVisualEffectGraphs":true,"m_FxEnabled":true},"in2DMode":false,"pivot":{"x":-32.113433837890628,"y":-32.489105224609378,"z":23.342092514038087},"rotation":{"x":0.2392541617155075,"y":-0.5053927898406982,"z":0.14824363589286805,"w":0.8157104253768921},"size":31.732812881469728,"orthographic":false}