{"cameraMode":{"drawMode":0,"name":"Shaded","section":"Shading Mode"},"sceneLighting":true,"audioPlay":false,"sceneViewState":{"m_AlwaysRefresh":false,"showFog":true,"showSkybox":true,"showFlares":true,"showImageEffects":true,"showParticleSystems":true,"showVisualEffectGraphs":true,"m_FxEnabled":true},"in2DMode":false,"pivot":{"x":2.7806575298309328,"y":2.9057044982910158,"z":5.129242897033691},"rotation":{"x":-0.3117808401584625,"y":0.020143497735261918,"z":-0.006768976803869009,"w":-0.9499471187591553},"size":6.60088586807251,"orthographic":false}