{"cameraMode":{"drawMode":0,"name":"Shaded","section":"Shading Mode"},"sceneLighting":true,"audioPlay":false,"sceneViewState":{"m_AlwaysRefresh":false,"showFog":true,"showSkybox":true,"showFlares":true,"showImageEffects":true,"showParticleSystems":true,"showVisualEffectGraphs":true,"m_FxEnabled":true},"in2DMode":false,"pivot":{"x":4.707432270050049,"y":-7.698456764221191,"z":23.142770767211915},"rotation":{"x":0.22050051391124726,"y":0.05185414478182793,"z":-0.011588070541620255,"w":0.9739609956741333},"size":16.137683868408204,"orthographic":false}