{"cameraMode":{"drawMode":0,"name":"Shaded","section":"Shading Mode"},"sceneLighting":true,"audioPlay":false,"sceneViewState":{"m_AlwaysRefresh":false,"showFog":true,"showSkybox":true,"showFlares":true,"showImageEffects":true,"showParticleSystems":true,"showVisualEffectGraphs":true,"m_FxEnabled":true},"in2DMode":false,"pivot":{"x":-0.8228652477264404,"y":2.505542755126953,"z":0.717165470123291},"rotation":{"x":0.5601986050605774,"y":-0.006826020777225494,"z":0.004799887537956238,"w":0.828345537185669},"size":6.3749284744262699,"orthographic":false}